rank,sequence,length,charge_proxy_KR_DE,hydrophobic_fraction_AVILMFWY,entropy_normalized,longest_homopolymer,cysteines,nearest_reference_id,nearest_reference_sequence,max_reference_ratio,violates_reference_08,max_internal_ratio,present_in_library,structure_status
1,PLRWKALIAIRLLSKLW,17,4,0.6470588235294118,0.6516322015065924,2,0,MLAMP0005786 len=12 charge=5.76 disulfide=0 dbs=CAMP|DBAASP|DRAMP|dbAMP activity=antimicrobial,RKRAARLLKRLV,0.6206896551724138,False,0.6470588235294117,True,Not predicted; awaiting cost approval
2,ILRVAKIKWLALKL,14,4,0.7142857142857143,0.6040306978776051,1,0,MLAMP0006382 len=12 charge=4.76 disulfide=0 dbs=CAMP|DBAASP|DRAMP|dbAMP activity=antimicrobial,LRFAKKALKKLF,0.6923076923076923,False,0.625,True,Not predicted; awaiting cost approval
3,WRRITWRLRLLRAWVRWLA,19,6,0.631578947368421,0.5748025164355594,2,0,MLAMP0055989 len=11 charge=5.76 disulfide=0 dbs=DBAASP activity=antimicrobial,WSRRWRRRWRW,0.6666666666666667,False,0.6842105263157895,True,Not predicted; awaiting cost approval
4,LKRWYLRAIRTRLW,14,5,0.5714285714285714,0.6370847283289993,1,0,MLAMP0056057 len=12 charge=4.76 disulfide=0 dbs=DBAASP activity=antimicrobial,LRWLWRRRWLWR,0.6923076923076923,False,0.6428571428571428,True,Not predicted; awaiting cost approval
5,WMRFRIRLRLWFL,13,4,0.6923076923076923,0.5579922120470915,1,0,MLAMP0056623 len=10 charge=3.76 disulfide=0 dbs=DBAASP activity=antimicrobial,RLFRRILRWL,0.6956521739130435,False,0.6923076923076923,True,Not predicted; awaiting cost approval
6,RFRIRIRIRLWFW,13,5,0.6153846153846154,0.4937466610375274,1,0,MLAMP0056678 len=9 charge=3.76 disulfide=0 dbs=DBAASP activity=antimicrobial,RIRIRIRWL,0.7272727272727273,False,0.7692307692307692,True,Not predicted; awaiting cost approval
7,WLWIIRARLKRILRRWRQVLD,21,6,0.5714285714285714,0.652476819753902,2,0,MLAMP0045361 len=15 charge=4.76 disulfide=0 dbs=CAMP|DBAASP|dbAMP activity=antimicrobial,WRLWRLWRLWRLWRL,0.6111111111111112,False,0.5641025641025641,True,Not predicted; awaiting cost approval
8,KHWRRFLRRFIYLF,14,5,0.5714285714285714,0.6370847283289993,2,0,MLAMP0048687 len=10 charge=4.76 disulfide=0 dbs=CAMP|DBAASP|dbAMP activity=antimicrobial,RRLRRILRYL,0.6666666666666667,False,0.5925925925925926,True,Not predicted; awaiting cost approval
9,RFRFRIRFKIWFW,13,5,0.6153846153846154,0.5002346481046439,1,0,MLAMP0050231 len=10 charge=4.76 disulfide=0 dbs=CAMP|DBAASP|dbAMP activity=antimicrobial,RRRRRWFWFW,0.6956521739130435,False,0.7692307692307692,True,Not predicted; awaiting cost approval
10,WRSKLAAIRLKGLNLKLRF,19,6,0.5263157894736842,0.7013342438625221,2,0,MLAMP0054951 len=13 charge=5.76 disulfide=0 dbs=DBAASP activity=antimicrobial,KRLFKKLLKYLRF,0.625,False,0.7027027027027026,True,Not predicted; awaiting cost approval
11,FGGILKALKLALLKKAFKKLL,21,6,0.6190476190476191,0.5324180039286015,2,0,MLAMP0052302 len=13 charge=3.76 disulfide=0 dbs=DBAASP|dbAMP activity=antimicrobial,FLKALFKALKKLL,0.7058823529411764,False,0.5714285714285714,True,Not predicted; awaiting cost approval
12,MLRRWLLRNLLRLKRLAW,18,6,0.6111111111111112,0.5372798150817878,2,0,MLAMP0051401 len=11 charge=5.76 disulfide=0 dbs=CAMP|DBAASP|dbAMP activity=antimicrobial,LRRLRRLLRRL,0.6896551724137931,False,0.6875,True,Not predicted; awaiting cost approval
13,WGILKLRRLWIAKLRRS,17,6,0.5294117647058824,0.6463192197704335,2,0,MLAMP0056342 len=10 charge=2.76 disulfide=0 dbs=DBAASP activity=antimicrobial,WLLWIALRKR,0.6666666666666667,False,0.5806451612903225,True,Not predicted; awaiting cost approval
14,LFRWYIRLGFKRIW,14,4,0.6428571428571429,0.6701387587803934,1,0,MLAMP0015084 len=11 charge=3.76 disulfide=0 dbs=DRAMP activity=antimicrobial,RWRLFKRIGIG,0.64,False,0.5925925925925926,True,Not predicted; awaiting cost approval
15,RLLRRWLILRLLRRLGLVL,19,6,0.631578947368421,0.4465784949996722,2,0,MLAMP0053605 len=14 charge=5.76 disulfide=0 dbs=DBAASP|dbAMP activity=antimicrobial,RLLRLLRLRRLLRL,0.7878787878787878,False,0.6666666666666667,True,Not predicted; awaiting cost approval
16,KKNLRANWKILKLLGVKL,18,6,0.5,0.640652453448132,2,0,MLAMP0046410 len=15 charge=5.76 disulfide=0 dbs=CAMP|DBAASP|dbAMP activity=antimicrobial,LKLKLKRDNKLKLKL,0.6666666666666667,False,0.625,True,Not predicted; awaiting cost approval
17,WVILKKIARWVSKLMRW,17,5,0.6470588235294118,0.7074333513106759,2,0,MLAMP0103079 len=12 charge=4.76 disulfide=0 dbs=dbAMP activity=antimicrobial,LAKKIYRAWKRW,0.6206896551724138,False,0.5882352941176471,True,Not predicted; awaiting cost approval
18,LINWKLKRLLMAVRKSINLKA,21,6,0.5714285714285714,0.7120832579150015,2,0,MLAMP0004486 len=14 charge=2.76 disulfide=0 dbs=APD|CAMP|DBAASP|DRAMP|dbAMP activity=anti-gram+|antibacterial|antimicrobial,LNLKALLAVAKKIL,0.6285714285714286,False,0.5714285714285714,True,Not predicted; awaiting cost approval
19,LSRWFMRLIRKRLM,14,5,0.5714285714285714,0.6370847283289993,1,0,MLAMP0051399 len=11 charge=4.76 disulfide=0 dbs=CAMP|DBAASP|dbAMP activity=antimicrobial,LRKVWRWLRRL,0.64,False,0.6428571428571428,True,Not predicted; awaiting cost approval
20,MWLARARLKWFLRT,14,4,0.6428571428571429,0.6576627215384493,1,0,MLAMP0016603 len=14 charge=4.93 disulfide=0 dbs=DRAMP activity=antimicrobial,WRHLRARLHVKFRF,0.6428571428571428,False,0.6428571428571428,True,Not predicted; awaiting cost approval
21,IRLLFARLRSLKWHKIL,17,5,0.5882352941176471,0.668578784149669,2,0,MLAMP0043315 len=14 charge=3.76 disulfide=0 dbs=CAMP|DBAASP|dbAMP activity=anti-gram+|antibacterial|antimicrobial,INLKILARLAKKIL,0.6451612903225806,False,0.6857142857142857,True,Not predicted; awaiting cost approval
22,LRRWHRKILVKVLW,14,5,0.5714285714285714,0.6246086910870553,2,0,MLAMP0044877 len=9 charge=3.76 disulfide=0 dbs=CAMP|DBAASP|dbAMP activity=antimicrobial,RRWRVIVKW,0.6956521739130435,False,0.5806451612903225,True,Not predicted; awaiting cost approval
23,IKRLNWGKLMLKKKLKW,17,7,0.47058823529411764,0.5985494862943186,3,0,MLAMP0011723 len=21 charge=7.75 disulfide=0 dbs=DRAMP activity=antimicrobial,KLLKNWPIGKLLKKLLKKLLK,0.6842105263157895,False,0.6470588235294117,True,Not predicted; awaiting cost approval
24,LWLARWHLKWIVRRTLSL,18,4,0.6111111111111112,0.6933535393742108,2,0,MLAMP0047982 len=11 charge=2.76 disulfide=0 dbs=CAMP|DBAASP|dbAMP activity=antimicrobial,KLWKLWLKWLL,0.6206896551724138,False,0.5625,True,Not predicted; awaiting cost approval
25,MWRWRRWRLLRRLW,14,6,0.5714285714285714,0.4138084711367461,2,0,MLAMP0051401 len=11 charge=5.76 disulfide=0 dbs=CAMP|DBAASP|dbAMP activity=antimicrobial,LRRLRRLLRRL,0.72,False,0.7272727272727273,True,Not predicted; awaiting cost approval
26,RWLGIIWRRLRWW,13,4,0.6153846153846154,0.5002346481046439,2,0,MLAMP0056057 len=12 charge=4.76 disulfide=0 dbs=DBAASP activity=antimicrobial,LRWLWRRRWLWR,0.72,False,0.6923076923076923,True,Not predicted; awaiting cost approval
27,GGSPLKLLRILLKKTLWK,18,5,0.4444444444444444,0.6369183425878919,2,0,MLAMP0014772 len=17 charge=6.75 disulfide=0 dbs=DRAMP activity=antimicrobial,KGGLKKLLKLLKKLLKL,0.6857142857142857,False,0.625,True,Not predicted; awaiting cost approval
28,LWLSRRNLLRRLRGVRVL,18,6,0.5,0.5403851024916149,2,0,MLAMP0046670 len=14 charge=7.76 disulfide=0 dbs=CAMP|DBAASP|dbAMP activity=antimicrobial,WRRLRRLLRRLRRL,0.75,False,0.6486486486486487,True,Not predicted; awaiting cost approval
29,WYISKLAHILNSKLIRW,17,3,0.5882352941176471,0.7346543175647652,1,0,MLAMP0026474 len=12 charge=2.76 disulfide=0 dbs=CancerPPD|DBAASP|SATPdb|dbAMP activity=antimicrobial|anticancer,GMWSKILGKLIR,0.6206896551724138,False,0.6111111111111112,True,Not predicted; awaiting cost approval
30,GLRITLHNPLRIGKLKIW,18,4,0.4444444444444444,0.7237479981626571,1,0,MLAMP0046174 len=15 charge=2.85 disulfide=0 dbs=CAMP|dbAMP activity=antimicrobial,GRAILHIPTRIRQGL,0.6060606060606061,False,0.5625,True,Not predicted; awaiting cost approval
31,IKRGKFISLVKKLMKFW,17,6,0.5294117647058824,0.706074134014771,2,0,MLAMP0018574 len=15 charge=7.75 disulfide=0 dbs=DRAMP activity=antimicrobial,KKFFKLVKKKMKKFF,0.625,False,0.6470588235294117,True,Not predicted; awaiting cost approval
32,FKIGLLKSRLWRWHKLRL,18,6,0.5,0.6676448490231265,2,0,MLAMP0000156 len=13 charge=3.76 disulfide=0 dbs=DRAMP activity=anti-gram+|antibacterial|antimicrobial,FLSRLWRVAKRLF,0.6451612903225806,False,0.7222222222222221,True,Not predicted; awaiting cost approval
33,RLSLRRRIRWALKLLSLL,18,6,0.5555555555555556,0.5372798150817878,3,0,MLAMP0057385 len=9 charge=3.76 disulfide=0 dbs=DBAASP activity=antimicrobial,LRRRRLLLL,0.6666666666666667,False,0.6486486486486487,True,Not predicted; awaiting cost approval
34,LKRLRLVWRKLWVR,14,6,0.5714285714285714,0.5173446437653667,1,0,MLAMP0026664 len=11 charge=6.76 disulfide=0 dbs=CAMP|CancerPPD|DBAASP|SATPdb|dbAMP activity=anti-gram+|antibacterial|antimicrobial|anticancer,KRLRRVWRRWR,0.72,False,0.6428571428571428,True,Not predicted; awaiting cost approval
35,FLILTVALRLRRWWKSRS,18,5,0.5555555555555556,0.7077428923330848,2,0,MLAMP0101994 len=13 charge=2.76 disulfide=0 dbs=dbAMP activity=antimicrobial,LLWKALRLWWKVL,0.5806451612903225,False,0.6666666666666667,True,Not predicted; awaiting cost approval
36,LRNKFFRWLARHHLKVSAWRA,21,6,0.5238095238095238,0.7352195969792824,2,0,MLAMP0057520 len=15 charge=6.76 disulfide=0 dbs=DBAASP activity=antimicrobial,RKAFRWAKRMLKKAA,0.6111111111111112,False,0.5238095238095238,True,Not predicted; awaiting cost approval
37,RFRVRIRMIGWRL,13,5,0.5384615384615384,0.6139723379872021,1,0,MLAMP0056623 len=10 charge=3.76 disulfide=0 dbs=DBAASP activity=antimicrobial,RLFRRILRWL,0.6956521739130435,False,0.6923076923076923,True,Not predicted; awaiting cost approval
38,MLIGKRWWLWRRRF,14,5,0.5714285714285714,0.6370847283289993,3,0,MLAMP0005507 len=9 charge=3.76 disulfide=0 dbs=DRAMP|dbAMP activity=antimicrobial,IKRWWWRRW,0.6956521739130435,False,0.5714285714285714,True,Not predicted; awaiting cost approval
39,GKRKWLLGSLKLLLRVAW,18,5,0.5555555555555556,0.6272147580663799,3,0,MLAMP0005123 len=16 charge=6.75 disulfide=0 dbs=DRAMP|dbAMP activity=antimicrobial,KGLKKLLKGLKKLLKL,0.6470588235294117,False,0.5625,True,Not predicted; awaiting cost approval
40,LKRLLRLKRLLKLK,14,7,0.5,0.34535837599492175,2,0,MLAMP0030123 len=11 charge=3.76 disulfide=0 dbs=CAMP|DBAASP|SATPdb|dbAMP activity=anti-gram+|antibacterial|antimicrobial,KLKLLLLLKLK,0.8,False,0.7142857142857143,True,Not predicted; awaiting cost approval
41,RKPLWKAVLIKLKALLK,17,6,0.5882352941176471,0.6025032507345727,2,0,MLAMP0032377 len=11 charge=5.75 disulfide=0 dbs=DBAASP|SATPdb|dbAMP activity=antimicrobial,KLKLKLKLKLK,0.7142857142857143,False,0.6470588235294117,True,Not predicted; awaiting cost approval
42,LRILRLLRLFKVLK,14,5,0.6428571428571429,0.5129705624909286,2,0,MLAMP0006386 len=12 charge=4.76 disulfide=0 dbs=CAMP|DBAASP|DRAMP|dbAMP activity=antimicrobial,LRILRRLLRRLF,0.7692307692307692,False,0.7142857142857143,True,Not predicted; awaiting cost approval
43,MKLAYRANLWALKYLKVKW,19,5,0.6842105263157895,0.6814177915232063,1,0,MLAMP0005758 len=20 charge=7.76 disulfide=0 dbs=CAMP|DBAASP|DRAMP|dbAMP activity=antimicrobial,KRRLALFRAFRLALKSVLKK,0.6153846153846154,False,0.6666666666666667,True,Not predicted; awaiting cost approval
44,IRLSLFLGRLRRSLWLKA,18,5,0.5555555555555556,0.6369183425878919,2,0,MLAMP0053605 len=14 charge=5.76 disulfide=0 dbs=DBAASP|dbAMP activity=antimicrobial,RLLRLLRLRRLLRL,0.625,False,0.6857142857142857,True,Not predicted; awaiting cost approval
45,WRIKLHVHTWNLKLMRW,17,4,0.5294117647058824,0.7346543175647652,1,0,MLAMP0053709 len=13 charge=5.76 disulfide=0 dbs=DBAASP activity=antimicrobial,WRKLWRGLKRWLK,0.6,False,0.5882352941176471,True,Not predicted; awaiting cost approval
46,LHKFRLWRWHKFRL,14,5,0.5,0.591554660635661,1,0,MLAMP0049697 len=9 charge=3.76 disulfide=0 dbs=CAMP|DBAASP|dbAMP activity=antimicrobial,RLKRWWKFL,0.6956521739130435,False,0.6875,True,Not predicted; awaiting cost approval
47,GFLGLLSRFSIKRIKL,16,4,0.5,0.6362900861893377,2,0,MLAMP0102206 len=11 charge=2.76 disulfide=0 dbs=dbAMP activity=antimicrobial,GGLLKRIKTLL,0.6666666666666667,False,0.5625,True,Not predicted; awaiting cost approval
48,FFFLKRGKIIRLLF,14,4,0.6428571428571429,0.5709766674262109,3,0,MLAMP0047596 len=13 charge=2.76 disulfide=0 dbs=CAMP|dbAMP activity=anti-gram+|antibacterial|antimicrobial,FLQRIIRALGRLF,0.6666666666666667,False,0.6428571428571428,True,Not predicted; awaiting cost approval
49,MFRRRLLWRKLLWL,14,5,0.6428571428571429,0.5237961215878454,3,0,MLAMP0056834 len=11 charge=3.76 disulfide=0 dbs=DBAASP activity=antimicrobial,RRLLRLLRLLL,0.72,False,0.6666666666666667,True,Not predicted; awaiting cost approval
50,MWRKFLKGFLKRLLRLSW,18,6,0.5555555555555556,0.6419361586720421,2,0,MLAMP0037712 len=12 charge=3.76 disulfide=0 dbs=APD|CAMP|DBAASP|dbAMP activity=antimicrobial,WKIFKLKLRMLW,0.6666666666666667,False,0.5714285714285714,True,Not predicted; awaiting cost approval
51,FRIGKLLKKITKLF,14,5,0.5,0.6040306978776051,2,0,MLAMP0046281 len=13 charge=4.76 disulfide=0 dbs=CAMP|DBAASP|dbAMP activity=antimicrobial,FIKRIAKLLKKIF,0.7407407407407408,False,0.5806451612903225,True,Not predicted; awaiting cost approval
52,NKLKINNRINIVARKMLGVKW,21,6,0.47619047619047616,0.721500934839649,2,0,MLAMP0033055 len=8 charge=3.76 disulfide=0 dbs=SATPdb|dbAMP activity=antimicrobial,NKKIRVRL,0.5517241379310345,False,0.5641025641025641,True,Not predicted; awaiting cost approval
53,LWLARARLRWAVAR,14,4,0.7142857142857143,0.5048686065234226,1,0,MLAMP0051100 len=14 charge=2.76 disulfide=0 dbs=CAMP|DBAASP|dbAMP activity=anti-gram+|antibacterial|antimicrobial,LNLRALLAVARRIL,0.6428571428571428,False,0.6428571428571428,True,Not predicted; awaiting cost approval
54,GLIVARKKKLLLIGKLL,17,5,0.5882352941176471,0.5713285200402293,3,0,MLAMP0051021 len=14 charge=2.76 disulfide=0 dbs=CAMP|DBAASP|dbAMP activity=antimicrobial,GLFDIVKKLLKLLK,0.7096774193548387,False,0.5806451612903225,True,Not predicted; awaiting cost approval
55,KLKKLKLKVKFKLKKLKLGAW,21,10,0.47619047619047616,0.4793893237981009,2,0,MLAMP0056001 len=20 charge=9.75 disulfide=0 dbs=DBAASP activity=antimicrobial,KLKLKLKLKLKLKLKLKLKL,0.7804878048780488,False,0.5789473684210527,True,Not predicted; awaiting cost approval
56,LLHGFKLRIHRLFF,14,3,0.5714285714285714,0.6040306978776051,2,0,MLAMP0016640 len=9 charge=2.85 disulfide=0 dbs=DRAMP activity=antimicrobial,LRLFLRHRF,0.6956521739130435,False,0.5714285714285714,True,Not predicted; awaiting cost approval
57,LRLKAELRLQRLRLKWAVRRA,21,7,0.5238095238095238,0.6000874209907471,2,0,MLAMP0005210 len=14 charge=6.76 disulfide=0 dbs=DBAASP|DRAMP|dbAMP activity=antimicrobial,LRLRLRLRLRLRLR,0.6857142857142857,False,0.6285714285714286,True,Not predicted; awaiting cost approval
58,IQPLLGGILRSRKLWKAAKL,20,5,0.5,0.7181289526146631,2,0,MLAMP0017339 len=12 charge=1.76 disulfide=0 dbs=DRAMP activity=antimicrobial,ILGGILKLLKSL,0.625,False,0.5789473684210527,True,Not predicted; awaiting cost approval
59,LKLHHIRNGWRLVKNLVVRVS,21,5,0.47619047619047616,0.721500934839649,2,0,MLAMP0057583 len=12 charge=3.76 disulfide=0 dbs=DBAASP activity=antimicrobial,KVLGRLVKLGRV,0.6060606060606061,False,0.5714285714285714,True,Not predicted; awaiting cost approval
60,WRWKLAACIIKGLRLKLK,18,6,0.5555555555555556,0.6563255116309161,2,1,MLAMP0057523 len=14 charge=6.76 disulfide=0 dbs=DBAASP activity=antimicrobial,WRKAFRWAKRMLKK,0.625,False,0.7027027027027026,True,Not predicted; awaiting cost approval
61,WKPKLKVLVRIGIKVKKLG,19,7,0.47368421052631576,0.6294835814978816,2,0,MLAMP0032361 len=15 charge=6.75 disulfide=0 dbs=CAMP|DBAASP|SATPdb|dbAMP activity=antimicrobial,KWKLFKKIGKVLKKL,0.6470588235294117,False,0.5555555555555556,True,Not predicted; awaiting cost approval
62,IRYKANIWNFKKRLAKW,17,6,0.5294117647058824,0.7007611522786121,2,0,MLAMP0029305 len=15 charge=2.84 disulfide=0 dbs=SATPdb|dbAMP activity=antimicrobial,IRKAHCNISRAKWND,0.625,False,0.6285714285714286,True,Not predicted; awaiting cost approval
63,PKKLKFQIHRLLGVKNLVKLK,21,7,0.42857142857142855,0.6954485415924094,2,0,MLAMP0030796 len=13 charge=6.75 disulfide=0 dbs=DBAASP|SATPdb|dbAMP activity=antimicrobial,KLKLKLKLKLKLK,0.6470588235294117,False,0.6,True,Not predicted; awaiting cost approval
64,LRKQIKKKQILWKMELFKVRMKW,23,8,0.4782608695652174,0.7005282536133954,3,0,MLAMP0054915 len=14 charge=6.75 disulfide=0 dbs=DBAASP|dbAMP activity=antimicrobial,LKKLFKKILKYLKK,0.5945945945945945,False,0.5365853658536586,True,Not predicted; awaiting cost approval
65,KRWFLIKIKFKFKK,14,7,0.5,0.5129705624909286,2,0,MLAMP0032274 len=11 charge=6.75 disulfide=0 dbs=BaAMPs|CAMP|DBAASP|SATPdb|dbAMP activity=anti-biofilm|antibacterial|antimicrobial,KRFKKFFKKLK,0.72,False,0.5454545454545454,True,Not predicted; awaiting cost approval
66,RRWPWSLWRRLLNLRLRLA,19,6,0.5263157894736842,0.5472239077954724,2,0,MLAMP0048640 len=11 charge=5.76 disulfide=0 dbs=CAMP|DBAASP|dbAMP activity=antimicrobial,RRLRLLLRLRR,0.6666666666666667,False,0.6842105263157895,True,Not predicted; awaiting cost approval
67,RLRKLLWARALAFW,14,4,0.7142857142857143,0.558500630184267,2,0,MLAMP0006375 len=13 charge=4.76 disulfide=0 dbs=DRAMP|dbAMP activity=antimicrobial,RLARLARRLARLA,0.6666666666666667,False,0.5714285714285714,True,Not predicted; awaiting cost approval
68,IGLLLRKLIKKIALKT,16,5,0.5625,0.5731740434073657,3,0,MLAMP0053292 len=15 charge=4.76 disulfide=0 dbs=DBAASP activity=antimicrobial,ILSSLLKKLKKIIAK,0.7096774193548387,False,0.6060606060606061,True,Not predicted; awaiting cost approval
69,FVRFFWLKFRKLKF,14,5,0.6428571428571429,0.5443741147972956,2,0,MLAMP0057732 len=15 charge=7.73 disulfide=0 dbs=DBAASP activity=antimicrobial,VKRFKKFFRKLKKFV,0.6896551724137931,False,0.6428571428571428,True,Not predicted; awaiting cost approval
70,RWLRWAAWLLKLRRLRR,17,7,0.5882352941176471,0.48470421940310754,2,0,MLAMP0048640 len=11 charge=5.76 disulfide=0 dbs=CAMP|DBAASP|dbAMP activity=antimicrobial,RRLRLLLRLRR,0.7142857142857143,False,0.5806451612903225,True,Not predicted; awaiting cost approval
71,WVKWRLKLKMMILRNLREILR,21,6,0.5714285714285714,0.681729879452776,2,0,MLAMP0043870 len=12 charge=2.73 disulfide=0 dbs=CAMP|DBAASP|dbAMP activity=antimicrobial,VIKWLLKILRAI,0.6060606060606061,False,0.5263157894736843,True,Not predicted; awaiting cost approval
72,KILYKANINLLKMLLRKW,18,5,0.6111111111111112,0.6613433277150663,2,0,MLAMP0056296 len=10 charge=3.76 disulfide=0 dbs=DBAASP activity=antimicrobial,KKLLKWLLKW,0.6428571428571428,False,0.6285714285714286,True,Not predicted; awaiting cost approval
73,MFRRRFRLRIIFW,13,5,0.6153846153846154,0.5293433092159519,3,0,MLAMP0007794 len=9 charge=3.5 disulfide=0 dbs=DRAMP|dbAMP activity=antimicrobial,MFRRRFIWK,0.7272727272727273,False,0.6923076923076923,True,Not predicted; awaiting cost approval
74,RKMGVWKMLRKIKF,14,6,0.5,0.6826147960223375,1,0,MLAMP0045984 len=10 charge=4.76 disulfide=0 dbs=CAMP|dbAMP activity=antimicrobial,KWKLFKKIKF,0.6666666666666667,False,0.5714285714285714,True,Not predicted; awaiting cost approval
75,FLAGALALRLWRWHKSRL,18,4,0.6111111111111112,0.6676448490231265,1,0,MLAMP0037673 len=13 charge=0.76 disulfide=0 dbs=APD|CAMP|DBAASP|dbAMP activity=antimicrobial,FLGALGNALSRVL,0.6451612903225806,False,0.7222222222222221,True,Not predicted; awaiting cost approval
76,LHLYIKLIIYKLKKLLRKTNW,21,6,0.5714285714285714,0.6430591428292544,2,0,MLAMP0005219 len=14 charge=6.75 disulfide=0 dbs=DBAASP|DRAMP|dbAMP activity=antimicrobial,LKLKLKLKLKLKLK,0.6285714285714286,False,0.5641025641025641,True,Not predicted; awaiting cost approval
77,LKKVKLRRLLKLWR,14,7,0.5,0.4782660538945072,2,0,MLAMP0048343 len=12 charge=3.76 disulfide=0 dbs=CAMP|DBAASP|dbAMP activity=antimicrobial,LLKKLLKLLLKL,0.6923076923076923,False,0.6428571428571428,True,Not predicted; awaiting cost approval
78,IMKRANFLALKALLSKW,17,4,0.6470588235294118,0.7074333513106758,2,0,MLAMP0032319 len=14 charge=1.76 disulfide=0 dbs=SATPdb|dbAMP activity=antimicrobial,INLKALAALAKALL,0.6451612903225806,False,0.6666666666666667,True,Not predicted; awaiting cost approval
79,LKKRLILKLSGPKLRKFLK,19,8,0.42105263157894735,0.580772378727406,2,0,MLAMP0005219 len=14 charge=6.75 disulfide=0 dbs=DBAASP|DRAMP|dbAMP activity=antimicrobial,LKLKLKLKLKLKLK,0.7272727272727273,False,0.6666666666666667,True,Not predicted; awaiting cost approval
80,LGIKISKLRKLKFF,14,5,0.5,0.6040306978776051,2,0,MLAMP0025534 len=12 charge=3.76 disulfide=0 dbs=CAMP|SATPdb|dbAMP activity=anti-gram+|antibacterial|antimicrobial,ILGKIWKIKKLF,0.6923076923076923,False,0.6060606060606061,True,Not predicted; awaiting cost approval
81,MGILKIKHIWNLKIMRW,17,4,0.5882352941176471,0.6904867686675994,1,0,MLAMP0049895 len=14 charge=5.75 disulfide=0 dbs=CAMP|DBAASP|dbAMP activity=antimicrobial,GILKKILKKILKKL,0.5806451612903225,False,0.5882352941176471,True,Not predicted; awaiting cost approval
82,KHWLKMLWHSIMKF,14,3,0.5714285714285714,0.6701387587803934,1,0,MLAMP0026696 len=12 charge=2.84 disulfide=0 dbs=CancerPPD|DBAASP|SATPdb|dbAMP activity=antimicrobial|anticancer,GKWMSLWKHILK,0.6153846153846154,False,0.5714285714285714,True,Not predicted; awaiting cost approval
83,GASWMKHKKLRIVNVKIW,18,5,0.5,0.7848689633863379,2,0,MLAMP0045024 len=19 charge=4.95 disulfide=0 dbs=CAMP|DBAASP|dbAMP activity=antimicrobial,PMKKLFAAKILARVVAKIW,0.5945945945945945,False,0.4864864864864865,True,Not predicted; awaiting cost approval
84,LLPSLRRTRLLWRKLLV,17,5,0.5294117647058824,0.569399785961023,2,0,MLAMP0054418 len=11 charge=2.76 disulfide=0 dbs=DBAASP|dbAMP activity=antimicrobial,LPLRTRLLKVL,0.7142857142857143,False,0.6451612903225806,True,Not predicted; awaiting cost approval
85,ILRLARIFKVKKIVSSW,17,5,0.5882352941176471,0.7074333513106759,2,0,MLAMP0043910 len=14 charge=5.76 disulfide=0 dbs=CAMP|DBAASP|dbAMP activity=antimicrobial,INLKKLAARIKKKI,0.6451612903225806,False,0.5806451612903225,True,Not predicted; awaiting cost approval
86,FVGWIVRFRLKNRLF,15,4,0.6,0.6955781916431298,1,0,MLAMP0004422 len=9 charge=0.76 disulfide=0 dbs=CAMP|DBAASP|DRAMP|SATPdb|dbAMP activity=antimicrobial,FLGFLKNLF,0.6666666666666667,False,0.6206896551724138,True,Not predicted; awaiting cost approval
87,FLRARWVFKLGLRLLLSTL,19,4,0.631578947368421,0.6613063429905253,3,0,MLAMP0048314 len=10 charge=2.76 disulfide=0 dbs=CAMP|DBAASP|dbAMP activity=antimicrobial,LRKLLLLLRL,0.6206896551724138,False,0.5945945945945945,True,Not predicted; awaiting cost approval
88,GVKAKGKVVKLFKLGLKF,18,6,0.5,0.5563902083211871,2,0,MLAMP0049449 len=17 charge=5.75 disulfide=0 dbs=CAMP|DBAASP|dbAMP activity=antimicrobial,GVIKAAKKVVKVLKKLF,0.7428571428571429,False,0.5714285714285714,True,Not predicted; awaiting cost approval
89,TWRIIWAARWHKLT,14,3,0.5714285714285714,0.6701387587803934,2,0,MLAMP0047743 len=9 charge=3.76 disulfide=0 dbs=CAMP|DBAASP|dbAMP activity=antimicrobial,KWRRWARWL,0.6086956521739131,False,0.5161290322580645,True,Not predicted; awaiting cost approval
90,MKWVLFRLRRRIKF,14,6,0.5714285714285714,0.6495607655709433,3,0,MLAMP0000053 len=8 charge=3.73 disulfide=0 dbs=DBAASP|DRAMP activity=anti-gram+|antibacterial|antimicrobial,VRLLRRRI,0.6363636363636364,False,0.5925925925925926,True,Not predicted; awaiting cost approval
91,IILLLRALWKRINR,14,4,0.6428571428571429,0.591554660635661,3,0,MLAMP0056411 len=12 charge=5.76 disulfide=0 dbs=DBAASP activity=antimicrobial,KLLLRLRKLLRR,0.6153846153846154,False,0.5806451612903225,True,Not predicted; awaiting cost approval
92,MWLKIIWRRRTIW,13,4,0.6153846153846154,0.602314043575138,3,0,MLAMP0016961 len=8 charge=2.76 disulfide=0 dbs=CAMP|DBAASP|DRAMP|dbAMP activity=antimicrobial,WWRLRRIW,0.6666666666666667,False,0.6923076923076923,True,Not predicted; awaiting cost approval
93,MFRFKIRSRIRFW,13,5,0.5384615384615384,0.593588860225516,1,0,MLAMP0016853 len=12 charge=5.76 disulfide=0 dbs=DRAMP activity=antimicrobial,RFGRFLRKIRRF,0.64,False,0.6923076923076923,True,Not predicted; awaiting cost approval
94,MRRRMWQRIRWWLKLVKKW,19,8,0.5263157894736842,0.6374603092535045,3,0,MLAMP0014367 len=11 charge=4.76 disulfide=0 dbs=CAMP|DBAASP|DRAMP|dbAMP activity=antimicrobial,FWQRNIRKVKK,0.6,False,0.5454545454545454,True,Not predicted; awaiting cost approval
95,MRRWHRWRLGWRLW,14,5,0.5,0.5237961215878454,2,0,MLAMP0029709 len=10 charge=4.76 disulfide=0 dbs=CAMP|DBAASP|SATPdb|dbAMP activity=antimicrobial,RWRWRWRWRW,0.75,False,0.7142857142857143,True,Not predicted; awaiting cost approval
96,RKKFFIRIRLWFW,13,5,0.6153846153846154,0.5801531278111147,2,0,MLAMP0005774 len=12 charge=6.76 disulfide=0 dbs=CAMP|DBAASP|DRAMP|dbAMP activity=antimicrobial,RKKKLKFFKRLF,0.64,False,0.7692307692307692,True,Not predicted; awaiting cost approval
97,LSRIYRSIIRKRLW,14,5,0.5,0.6040306978776051,2,0,MLAMP0006385 len=12 charge=4.76 disulfide=0 dbs=CAMP|DBAASP|DRAMP|dbAMP activity=antimicrobial,LRIIRRILRRLI,0.6153846153846154,False,0.6428571428571428,True,Not predicted; awaiting cost approval
98,RLPIAWLRRRKLLF,14,5,0.5714285714285714,0.6165067351195492,3,0,MLAMP0057072 len=13 charge=5.76 disulfide=0 dbs=DBAASP activity=antimicrobial,RLPRILRKIVRRL,0.6666666666666667,False,0.5806451612903225,True,Not predicted; awaiting cost approval
99,RRWRRALWRGLLNRRLWLA,19,7,0.5263157894736842,0.5199264551798721,2,0,MLAMP0056065 len=12 charge=4.76 disulfide=0 dbs=DBAASP activity=antimicrobial,RRWLWRRRWLWL,0.7096774193548387,False,0.7272727272727273,True,Not predicted; awaiting cost approval
100,MRIWRRLMMRWRIM,14,5,0.6428571428571429,0.49074209113645134,2,0,MLAMP0056244 len=9 charge=4.76 disulfide=0 dbs=DBAASP activity=antimicrobial,IRWRRRWRI,0.6956521739130435,False,0.5925925925925926,True,Not predicted; awaiting cost approval
